<?xml version="1.0" encoding="UTF-8"?>
<project-private xmlns="http://www.netbeans.org/ns/project-private/1">
    <editor-bookmarks xmlns="http://www.netbeans.org/ns/editor-bookmarks/2" lastBookmarkId="0"/>
    <open-files xmlns="http://www.netbeans.org/ns/projectui-open-files/2">
        <group>
            <file>file:/C:/Users/boica/Desktop/ww1%20(4)/ww1%20(4)/ww1/build/web/index.html</file>
            <file>file:/C:/Users/boica/Desktop/ww1%20(4)/ww1%20(4)/ww1/src/java/Controller/clientController.java</file>
            <file>file:/C:/Users/boica/Desktop/ww1%20(4)/ww1%20(4)/ww1/src/java/Model/ClientDAO.java</file>
            <file>file:/C:/Users/boica/Desktop/ww1%20(4)/ww1%20(4)/ww1/web/Clientview.jsp</file>
            <file>file:/C:/Users/boica/Desktop/ww1%20(4)/ww1%20(4)/ww1/src/java/Controller/CEOcontroller.java</file>
            <file>file:/C:/Users/boica/Desktop/ww1%20(4)/ww1%20(4)/ww1/web/CEOview.jsp</file>
        </group>
    </open-files>
</project-private>
